categoria,entidade,classe,documentos,mencoes
alelo,HLA-B*1502,HLA sem dois pontos (forma antiga),19,194
alelo,HLA-A*3101,HLA sem dois pontos (forma antiga),12,150
alelo,HLA-B*5801,HLA sem dois pontos (forma antiga),9,67
alelo,CYP2C9*3,alelo estrela valido,17,57
alelo,HLA-B*5701,HLA sem dois pontos (forma antiga),11,47
alelo,CYP2C19*3,alelo estrela valido,23,46
alelo,CYP2C19*2,alelo estrela valido,23,46
alelo,SLCO1B1*C,letra em vez de numero (invalido),11,32
alelo,HLA-B*57:01,HLA com dois pontos (forma actual),10,25
alelo,CYP2C19*4,alelo estrela valido,23,23
alelo,CYP2C19*7,alelo estrela valido,23,23
alelo,CYP2C19*5,alelo estrela valido,23,23
alelo,CYP2C19*1,alelo estrela valido,23,23
alelo,CYP2C19*6,alelo estrela valido,23,23
alelo,CYP2C19*8,alelo estrela valido,23,23
alelo,CYP2C9*2,alelo estrela valido,8,19
alelo,UGT1A1*28,alelo estrela valido,10,18
alelo,UGT1A1*6,alelo estrela valido,4,7
alelo,HLA-DRA*4,HLA incompleto (serotipo),4,4
alelo,TPMT*2,alelo estrela valido,3,3
alelo,TPMT*3A,alelo estrela valido,3,3
alelo,TPMT*3C,alelo estrela valido,3,3
alelo,DPYD*2A,alelo estrela valido,2,2
alelo,CYP2C9*1,alelo estrela valido,2,2
alelo,DPYD*13,alelo estrela valido,2,2
alelo,CYP2C9*11,alelo estrela valido,1,2
alelo,SLCO1B1*5,alelo estrela valido,1,2
alelo,HLA-B*27,HLA incompleto (serotipo),1,2
alelo,CYP2C9*6,alelo estrela valido,1,2
alelo,CYP2C9*8,alelo estrela valido,1,2
alelo,HLA-A*31:01,HLA com dois pontos (forma actual),1,1
alelo,CYP2C9*5,alelo estrela valido,1,1
alelo,SLCO1B1*C.521T>C,"variante HGVS, nao alelo",1,1
alelo,HLA-B*15:02,HLA com dois pontos (forma actual),1,1
diplotipo,SLCO1B1C.521CC,genotipo em HGVS (c.NNN + bases),74,98
diplotipo,SLCO1B1C.521TT,genotipo em HGVS (c.NNN + bases),73,73
diplotipo,ABCG2C.421AA,genotipo em HGVS (c.NNN + bases),37,59
diplotipo,SLCO1B1CC,gene + bases (sem c.),26,48
diplotipo,CYP2C9*3*3,diplotipo valido,10,42
diplotipo,ABCG2C.421CC,genotipo em HGVS (c.NNN + bases),36,36
diplotipo,SLCO1B1TT,gene + bases (sem c.),26,27
diplotipo,CYP2C9*1*1,diplotipo valido,10,23
diplotipo,CYP2C9*1*3,diplotipo valido,10,20
diplotipo,CC,"bases soltas, sem gene",9,18
diplotipo,SLCO1B1CT,gene + bases (sem c.),17,17
diplotipo,SLCO1B1*C*C,improvisacao (*base*base),5,11
diplotipo,SLCO1B1TC,gene + bases (sem c.),10,10
diplotipo,TT,"bases soltas, sem gene",9,9
diplotipo,CYP2B6*6*6,diplotipo valido,4,8
diplotipo,CYP2C9*2*3,diplotipo valido,1,8
diplotipo,TC,"bases soltas, sem gene",7,7
diplotipo,UGT1A1*28*28,diplotipo valido,5,7
diplotipo,SLCO1B1*T*T,improvisacao (*base*base),5,6
diplotipo,UGT1A1*6*6,diplotipo valido,3,6
diplotipo,UGT1A1*6*28,diplotipo valido,3,5
diplotipo,SLCO1B1*T*C,improvisacao (*base*base),4,4
diplotipo,CYP2B6*1*1,diplotipo valido,4,4
diplotipo,CYP2C9*1*2,diplotipo valido,2,4
diplotipo,SLCO1B1C.521C/C,genotipo em HGVS (c.NNN + bases),2,4
diplotipo,CYP2C9*2*2,diplotipo valido,1,4
diplotipo,SLCO1B1C.521CT,genotipo em HGVS (c.NNN + bases),2,2
diplotipo,CT,"bases soltas, sem gene",2,2
diplotipo,SLCO1B1C.521T/T,genotipo em HGVS (c.NNN + bases),2,2
diplotipo,SLCO1B1*C*T,improvisacao (*base*base),1,2
diplotipo,SLCO1B1C.521T/C,genotipo em HGVS (c.NNN + bases),1,1
diplotipo,SLCO1B1C.521C/T,genotipo em HGVS (c.NNN + bases),1,1
diplotipo,UGT1A1*6*8,diplotipo valido,1,1
diplotipo,SLCO1B1C.521TC,genotipo em HGVS (c.NNN + bases),1,1
diplotipo,UGT1A1*28*8,diplotipo valido,1,1
