documento,status,chars,pages,chars_per_page,word_density,letter_fraction,reason
10020_Fenolip,corrupt,258441,6,43073.5,0.3,0.037,0.30 palavras comuns por 1000 caracteres — texto extraído não é português legível
16403_Ceftriaxona_Labesfal_1000_mg_Pó_e_Solvente_para_Solução_Injectável_IV_MG,corrupt,301915,23,13126.7,0.47,0.035,0.47 palavras comuns por 1000 caracteres — texto extraído não é português legível
29577_Ceftriaxona_Mesporin_2_g_Pó_para_Solução_para_Perfusão_IVMG,corrupt,298370,21,14208.1,1.11,0.108,1.11 palavras comuns por 1000 caracteres — texto extraído não é português legível
3277_Zoref,corrupt,351345,22,15970.2,1.1,0.12,1.10 palavras comuns por 1000 caracteres — texto extraído não é português legível
35240_Formoterol_Generis_12_µg_Pó_para_Inalação_Cápsulas_DurasMG,corrupt,336883,16,21055.2,1.3,0.124,1.30 palavras comuns por 1000 caracteres — texto extraído não é português legível
36050_Indapamida_GP_2_5_mg_Comprimidos_revestidosMG,corrupt,67071,12,5589.2,2.74,0.292,2.74 palavras comuns por 1000 caracteres — texto extraído não é português legível
36964_Ben-u-ron,corrupt,56615,10,5661.5,16.92,0.332,apenas 33% do texto são letras — extração provavelmente corrompida
37422_Sertralina_CiclumMG,corrupt,114145,19,6007.6,2.88,0.134,2.88 palavras comuns por 1000 caracteres — texto extraído não é português legível
38098_Cefuroxima_RatiopharmMG,corrupt,303712,15,20247.5,0.7,0.073,0.70 palavras comuns por 1000 caracteres — texto extraído não é português legível
40164_Tobradex,corrupt,224695,12,18724.6,0.81,0.09,0.81 palavras comuns por 1000 caracteres — texto extraído não é português legível
40314_EstinetteMG,corrupt,235241,25,9409.6,1.95,0.134,1.95 palavras comuns por 1000 caracteres — texto extraído não é português legível
40350_Aceclofenac_MylanMG,corrupt,74895,13,5761.2,5.33,0.293,apenas 29% do texto são letras — extração provavelmente corrompida
41757_Advagraf,corrupt,394970,62,6370.5,2.07,0.098,2.07 palavras comuns por 1000 caracteres — texto extraído não é português legível
47296_Rivastigmina_MylanMG,corrupt,246931,17,14525.4,2.19,0.112,2.19 palavras comuns por 1000 caracteres — texto extraído não é português legível
49060_Rivastigmina_toLifeMG,corrupt,252537,18,14029.8,2.04,0.117,2.04 palavras comuns por 1000 caracteres — texto extraído não é português legível
52384_Pioglitazona_AtrolexMG,corrupt,71800,18,3988.9,4.19,0.303,apenas 30% do texto são letras — extração provavelmente corrompida
52396_Pioglitazona_FarmozMG,corrupt,78533,18,4362.9,3.0,0.222,apenas 22% do texto são letras — extração provavelmente corrompida
54024_Rivastigmina_BluepharmaMG,corrupt,227952,15,15196.8,1.41,0.066,1.41 palavras comuns por 1000 caracteres — texto extraído não é português legível
55031_Rivastigmina_AurobindoMG,corrupt,204507,15,13633.8,1.73,0.115,1.73 palavras comuns por 1000 caracteres — texto extraído não é português legível
582401_Adempas,corrupt,441584,91,4852.6,1.62,0.063,1.62 palavras comuns por 1000 caracteres — texto extraído não é português legível
586862_Pregabalina_TecnigenMG,corrupt,237321,20,11866.0,1.96,0.109,1.96 palavras comuns por 1000 caracteres — texto extraído não é português legível
587168_StrymixMG,corrupt,242916,18,13495.3,2.05,0.123,2.05 palavras comuns por 1000 caracteres — texto extraído não é português legível
587651_Pregabalina_TevaMG,corrupt,226143,24,9422.6,2.47,0.141,2.47 palavras comuns por 1000 caracteres — texto extraído não é português legível
591127_Braltus,corrupt,238858,14,17061.3,0.57,0.033,0.57 palavras comuns por 1000 caracteres — texto extraído não é português legível
609403_Augmentin_Duo,corrupt,293765,17,17280.3,0.82,0.09,0.82 palavras comuns por 1000 caracteres — texto extraído não é português legível
619002_ZacivonMG,corrupt,273618,15,18241.2,0.81,0.103,0.81 palavras comuns por 1000 caracteres — texto extraído não é português legível
619946_Cefuroxima_GenerisMG,corrupt,140720,12,11726.7,1.58,0.151,1.58 palavras comuns por 1000 caracteres — texto extraído não é português legível
623442_Rivastigmina_GenerisMG,corrupt,240230,16,15014.4,1.15,0.065,1.15 palavras comuns por 1000 caracteres — texto extraído não é português legível
623962_Cefoxitina_BasiMG,corrupt,488996,12,40749.7,0.22,0.053,0.22 palavras comuns por 1000 caracteres — texto extraído não é português legível
631002_Posaconazol_MylanMG,corrupt,264846,21,12611.7,3.33,0.154,apenas 15% do texto são letras — extração provavelmente corrompida
632882_Dutasterida_Tansulosina_AurovitasMG,corrupt,463972,26,17845.1,3.89,0.185,apenas 18% do texto são letras — extração provavelmente corrompida
641187_Bisoprolol_Hidroclorotiazida_GenerisMG,corrupt,276971,17,16292.4,1.38,0.058,1.38 palavras comuns por 1000 caracteres — texto extraído não é português legível
641323_Amoxicilina_Ácido_Clavulânico_BluepharmaMG,corrupt,419684,16,26230.2,1.61,0.155,1.61 palavras comuns por 1000 caracteres — texto extraído não é português legível
647104_Melatonina_Noxarem,corrupt,43367,12,3613.9,4.44,0.301,apenas 30% do texto são letras — extração provavelmente corrompida
648945_Dulxetenon,corrupt,55767,23,2424.7,16.2,0.685,7% de caracteres de controlo — camada de texto sem mapa de caracteres utilizável
652005_Laurak,corrupt,56414,20,2820.7,15.45,0.622,8% de caracteres de controlo — camada de texto sem mapa de caracteres utilizável
655584_Tigeciclina_HikmaMG,corrupt,269285,17,15840.3,1.39,0.114,1.39 palavras comuns por 1000 caracteres — texto extraído não é português legível
656144_Medaxone_plusolvMG,corrupt,319663,22,14530.1,1.14,0.085,1.14 palavras comuns por 1000 caracteres — texto extraído não é português legível
682284_Dagesil,corrupt,219938,15,14662.5,0.81,0.049,0.81 palavras comuns por 1000 caracteres — texto extraído não é português legível
707224_Ciprofloxacina_BasiMG,corrupt,283495,22,12886.1,1.4,0.124,1.40 palavras comuns por 1000 caracteres — texto extraído não é português legível
9458_Zipos,corrupt,411686,18,22871.4,1.62,0.129,1.62 palavras comuns por 1000 caracteres — texto extraído não é português legível
34788_Amlodipina_Jaba_10_mg_comprimidosMG,sem_estrutura,28384,,,,,nenhuma secção normativa detetada; títulos sem numeração e sem distinção tipográfica
46296_Protóxido_de_Azoto_Medicinal_Air_Liquide_Medicinal,sem_estrutura,32514,,,,,nenhuma secção normativa detetada; títulos sem numeração e sem distinção tipográfica
595882_Farmiflox,sem_estrutura,17653,,,,,nenhuma secção normativa detetada; títulos sem numeração e sem distinção tipográfica
601162_Amlodipina_AurovitasMG,sem_estrutura,36696,,,,,nenhuma secção normativa detetada; títulos sem numeração e sem distinção tipográfica
604038_Tramadol_AurovitasMG,sem_estrutura,35180,,,,,nenhuma secção normativa detetada; títulos sem numeração e sem distinção tipográfica
609172_Entecavir_GenerisMG,sem_estrutura,78680,,,,,nenhuma secção normativa detetada; títulos sem numeração e sem distinção tipográfica
614962_Ellyfol,sem_estrutura,11029,,,,,nenhuma secção normativa detetada; títulos sem numeração e sem distinção tipográfica
6296_Nozinan_25,sem_estrutura,13777,,,,,nenhuma secção normativa detetada; títulos sem numeração e sem distinção tipográfica
636382_Abacavir_GenerisMG,sem_estrutura,59739,,,,,nenhuma secção normativa detetada; títulos sem numeração e sem distinção tipográfica
638363_Efavirenz_Emtricitabina_Tenofovir_GenerisMG,sem_estrutura,168304,,,,,nenhuma secção normativa detetada; títulos sem numeração e sem distinção tipográfica
638383_Bortezomib_Venus_PharmaMG,sem_estrutura,143666,,,,,nenhuma secção normativa detetada; títulos sem numeração e sem distinção tipográfica
666864_Rosuvastatina_Ezetimiba_Alter,sem_estrutura,76174,,,,,nenhuma secção normativa detetada; títulos sem numeração e sem distinção tipográfica
694264_AurelieMG,sem_estrutura,60819,,,,,nenhuma secção normativa detetada; títulos sem numeração e sem distinção tipográfica
